Node Number,Pressure,Enthalpy,CrossFlow,MassFlow
0,10999973.56252276,969.1256393611573,-0.0006941538272536155,0.05151618595277755
1,10999973.323308438,969.2512782028696,-0.0006986564468191454,0.05151724028415414
2,10999973.08422795,969.3769165081043,-0.0007026680906147271,0.051518314936695626
3,10999972.845280686,969.502554260283,-0.0007073515826216811,0.051519409900656774
