Node Number,Pressure,Enthalpy,CrossFlow,MassFlow
0,10999977.02986619,969.1256369071837,0.0012440159826818857,0.05151719218068202
1,10999976.800630985,969.251270355104,0.0009956166872048906,0.0515189756275522
2,10999976.569005415,969.3768996153874,0.0013274886335863897,0.05152111263880284
3,10999976.340606151,969.5025250976953,0.0010795633938249013,0.05152299360947609
