Node Number,Pressure,Enthalpy,CrossFlow,MassFlow
0,10999973.377745463,969.2002650284697,-0.0,0.02575824644396321
1,10999972.955874426,969.4005258688888,1.970707482214749e-06,0.02575890281783162
2,10999972.533782966,969.6007826072922,3.972226075478599e-06,0.025759544768333493
3,10999972.111466475,969.8010353299878,6.00453212316973e-06,0.025760172609539323
