Node Number,Pressure,Enthalpy,CrossFlow,MassFlow
0,10999960.282311834,969.2002811215841,-4.2211950056373834e-09,0.02575617670117968
1,10999959.831351489,969.400569196704,-4.2330144905231806e-09,0.02575475466602015
2,10999959.380114855,969.6008643361171,-5.726053718937325e-09,0.025753309997236636
3,10999958.928604124,969.8011666512905,-8.584041087629685e-09,0.025751842494227847
