Node Number,Pressure,Enthalpy,CrossFlow,MassFlow
0,10999973.56252276,969.1256435655263,-0.0,0.05151446208371046
1,10999973.31118215,969.251288817436,5.14685798285463e-07,0.05151377061479919
2,10999973.059836628,969.3769357594092,1.0344749985950054e-06,0.05151307761091481
3,10999972.808486337,969.5025843951724,1.5596813553102196e-06,0.05151238305278567
