Node Number,Pressure,Enthalpy,CrossFlow,MassFlow
0,10999973.56252276,969.1256435655208,-0.0006941538272536155,0.05151446208593214
1,10999973.311182037,969.2512888147464,-0.000698655288211553,0.05151377173942181
2,10999973.059844408,969.3769357489306,-0.0007026657337882872,0.051513080877069115
3,10999972.808509162,969.5025843689918,-0.0007073479909789997,0.051512389636354836
