Node Number,Pressure,Enthalpy,CrossFlow,MassFlow
0,10999960.282311834,969.2002918517762,-0.0,0.025754796871087747
1,10999959.811956702,969.4005974347948,3.728970853036558e-13,0.02575198621787726
2,10999959.341244088,969.6009168828293,-1.523284592106133e-09,0.02574914421219711
3,10999958.870184977,969.8012503331619,-4.5884986205199336e-09,0.02574626943567933
