Node Number,Pressure,Enthalpy,CrossFlow,MassFlow
0,10999973.56252276,969.1256384701385,-0.0,0.051516551301782496
1,10999973.325878609,969.2512755219389,1.0290367283826652e-06,0.051517974377216266
2,10999973.089389075,969.37691113075,2.065058562092524e-06,0.051519421140346695
3,10999972.853053316,969.5025452718414,3.1073301462301085e-06,0.051520891809141885
