Node Number,Pressure,Enthalpy,CrossFlow,MassFlow
0,10999980.110258404,969.1256402002103,-0.0,0.051515841916289544
1,10999979.868624263,969.2512787153922,2.9996857666093755e-06,0.051516532873813
2,10999979.62699144,969.3769155431761,6.039442749628684e-06,0.05151722485483138
3,10999979.385359798,969.5025506811467,9.118884812593973e-06,0.05151791787846557
