Node Number,Pressure,Enthalpy,CrossFlow,MassFlow
0,10999973.56252276,969.1256418828349,-0.0,0.05151515200444376
1,10999973.316035494,969.2512837681323,1.0290367283826652e-06,0.0515151509716886
2,10999973.069540935,969.3769256584421,2.0665183918535326e-06,0.05151514888378398
3,10999972.823038962,969.5025675563576,3.1117345542691443e-06,0.051515145722677104
