Node Number,Pressure,Enthalpy,CrossFlow,MassFlow
0,10999977.02986619,969.1256369071837,0.0006417676467467356,0.05151719218068202
1,10999976.800625196,969.251270355109,0.000890417077458472,0.05151897562539647
2,10999976.568993654,969.3768996154066,0.0007476628497235586,0.05152111263265073
3,10999976.340588253,969.5025250977415,0.0009969281468436347,0.05152299359779762
