Node Number,Pressure,Enthalpy,CrossFlow,MassFlow
0,10999973.56252276,969.1256436649662,-0.0006941538272536155,0.05151442131287575
1,10999973.310895365,969.2512891284703,-0.0006986564475649501,0.05151368376637037
2,10999973.059226098,969.3769364058234,-0.0007026680909876454,0.05151293985195433
3,10999972.807518484,969.5025855141037,-0.0007073515822487628,0.051512188837185335
4,10999972.55576742,969.6282364692046,-0.0007115454568411518,0.051511431211728395
5,10999972.303976417,969.7538892887961,-0.0007164122926668231,0.051510666241563544
6,10999972.052140368,969.8795439893618,-0.000720790894838663,0.05150989441452479
7,10999971.800262772,970.0052005891714,-0.0007258435761167073,0.0515091149950063
8,10999971.548338512,970.1308591053075,-0.0007304094262297389,0.05150832846898162
9,10999971.296371078,970.2565195566483,-0.0007356504789361023,0.05150753409924949
10,10999971.04435534,970.3821819608835,-0.0007404061250869227,0.05150673236989719
11,10999970.792294782,970.5078463375081,-0.0007458381044427563,0.05150592254211373
12,10999970.54018426,970.6335127048279,-0.0007507861266214874,0.05150510509807117
13,10999970.288027244,970.7591810829632,-0.0007564116149125905,0.05150427929733822
14,10999970.035818588,970.8848514908447,-0.0007615546161097287,0.051503445620148004
15,10999969.78356175,971.0105239492268,-0.000767376226474597,0.05150260332443538
16,10999969.531251578,971.1361984776736,-0.0007727168398273469,0.051501752888467485
17,10999969.278891506,971.2618750975824,-0.000778737208112623,0.05150089356853273
18,10999969.02647638,971.3875538291602,-0.0007842780939825479,0.0515000258409012
19,10999968.774009624,971.5132346944558,-0.0007904998851462306,0.05149914896020582
