Node Number,Pressure,Enthalpy,CrossFlow,MassFlow
0,10999960.282311834,969.2002811215668,-0.0,0.02575617670340117
1,10999959.831349887,969.4005691951888,1.02903635548558e-06,0.02575475490264506
2,10999959.380113238,969.6008643315929,2.0672391711679876e-06,0.02575331047207649
3,10999958.92860077,969.8011666414045,3.1138976064826232e-06,0.025751843441006873
