Node Number,Pressure,Enthalpy,CrossFlow,MassFlow
0,10999976.845070932,969.200251714401,0.001244017820663835,0.025759959023885063
1,10999976.450092603,969.4004903402396,0.0009956171905190052,0.025762209972635407
2,10999976.0525722,969.6007152187512,0.001327491158066404,0.02576462615566062
3,10999975.657981923,969.8009263727178,0.0010795688992869014,0.025766910547004283
