Node Number,Pressure,Enthalpy,CrossFlow,MassFlow
0,10999973.56252276,969.1256418828458,-0.0006941517088252739,0.051515152
1,10999973.316035459,969.2512837631086,-0.0006986543532850204,0.051515153083196555
2,10999973.069555769,969.3769256381787,-0.0007026642125742888,0.05151515526085168
3,10999972.823083771,969.5025675054218,-0.0007073449994031918,0.051515158543512136
