Node Number,Pressure,Enthalpy,CrossFlow,MassFlow
0,10999969.867767934,969.1452575007753,0.001244017820663835,0.025756266507557198
1,10999969.362394895,969.2905191305963,0.0009968282611586383,0.025755218880497144
2,10999968.86335245,969.4357865916536,0.0013294156548775467,0.025753822304720855
3,10999968.355973305,969.5810588410853,0.001082720572591482,0.025752687093431183
4,10999967.854915213,969.7263371180456,0.0014157267957999474,0.025751202488804276
5,10999967.345513728,969.8716208472081,0.0011695340859675793,0.025749978740439203
6,10999966.84242358,970.0169108044379,0.0015029613614146757,0.025748405150920046
7,10999966.33098338,970.1622068822624,0.0012572790182427275,0.025747091902015375
8,10999965.82584464,970.3075093929905,0.0015911296098439901,0.02574542836089372
9,10999965.312349215,970.4528186973376,0.0013459657283641743,0.025744024637220458
10,10999964.805145193,970.5981346437751,0.0016802419366683107,0.02574227016697065
11,10999964.289577886,970.743458061555,0.0014356047137610926,0.025740774983384736
12,10999963.780291758,970.8887883350153,0.0017703088817275425,0.025738928595513366
13,10999963.262635784,971.0341267623098,0.0015262066166049824,0.02573734095580669
14,10999962.751250584,971.1794722633327,0.0018613411251101244,0.02573540165070407
15,10999962.231489003,971.3248266055203,0.0016177822238315576,0.025733720547448668
16,10999961.717987616,971.4701882439975,0.0019533494980629056,0.02573168731423039
17,10999961.196103351,971.6155594158797,0.0017103424726512965,0.025729911728622122
18,10999960.680468518,971.7609381111827,0.002046344980517661,0.025727783544971686
19,10999960.156444341,971.9063270371133,0.0018038984521115639,0.025725912446669535
