Node Number,Pressure,Enthalpy,CrossFlow,MassFlow
0,10999973.56252276,969.125643664969,-0.0006941538272536155,0.05151442131176079
1,10999973.310895354,969.2512891260033,-0.0006986564486836572,0.05151368480194467
2,10999973.059233375,969.3769363958646,-0.0007026673581107869,0.05151294297928926
3,10999972.807540454,969.5025854890378,-0.0007073493941996564,0.051512195129263916
