Node Number,Pressure,Enthalpy,CrossFlow,MassFlow
0,10999984.69697576,969.145249092103,-0.0003449900314113726,0.025757757573700742
1,10999984.227451414,969.2904968622261,-0.00022840436037251504,0.025757877786521992
2,10999983.756448865,969.4357431953703,-0.00027319479702585275,0.025758021573257267
3,10999983.28600873,969.5809883590553,-0.00015635357590263837,0.025758103864613004
