Node Number,Pressure,Enthalpy,CrossFlow,MassFlow
0,10999969.867767934,969.1452575007753,0.001244017820663835,0.025756266507557198
1,10999969.362394905,969.2905191326121,0.000994873313268109,0.025755218488516172
2,10999968.863343075,969.435786599589,0.0013260019146645648,0.02575382112720203
3,10999968.35594513,969.5810588606972,0.001077332497357602,0.02575268473509609
