Node Number,Pressure,Enthalpy,CrossFlow,MassFlow
0,10999977.02986619,969.1256369071837,0.001244017820663835,0.05151719218068202
1,10999976.80063112,969.2512703539867,0.0009956171875776618,0.051518976099574045
2,10999976.569009135,969.3768996108125,0.001327491152568033,0.051521114098330364
3,10999976.340617225,969.502525086215,0.0010795688869823716,0.051522996524988145
4,10999976.109843655,969.6281462820413,0.0014118677254116884,0.051525233675046314
5,10999975.8823044,969.7537633728386,0.00116443081886404,0.051527215952525456
6,10999975.652388822,969.8793760919355,0.0014971575612323755,0.051529553602749925
7,10999975.425711801,970.0049843798153,0.001250213096139134,0.051531637089857876
8,10999975.196663883,970.1305882013252,0.0015833708221928585,0.05153407660494332
9,10999974.970858766,970.2561872628266,0.001336925974147051,0.05153626267643688
10,10999974.742688255,970.381781760723,0.0016705178107032424,0.05153880543710265
11,10999974.517764809,970.5073711671967,0.0014245798462259528,0.051541095483887425
12,10999974.29048156,970.6329559102438,0.0017586089695902452,0.051543742887084174
13,10999974.066449637,970.7585352278107,0.001513185253057852,0.05154613831641407
14,10999973.840063589,970.8841097795233,0.001847654890322732,0.051548891775520016
15,10999973.616933133,971.0096785690349,0.0016027528783453648,0.05155139401120316
16,10999973.391454319,971.135242487637,0.0019376663081380559,0.05155425495623228
17,10999973.169235375,971.260800304634,0.001693293556547002,0.05155686543883821
18,10999972.94467392,971.386353143019,0.002028654111231918,0.05155983531664898
19,10999972.723376619,971.5118995376916,0.001784818276667258,0.0515625555037189
