Node Number,Pressure,Enthalpy,CrossFlow,MassFlow
0,10999973.56252276,969.1256384701456,-0.0,0.05151655129882032
1,10999973.325879404,969.2512755223585,1.029037474176836e-06,0.05151797413894628
2,10999973.08938987,969.3769111319992,2.06652022560982e-06,0.05151942065694408
3,10999972.853054931,969.5025452744136,3.1117377868106235e-06,0.05152089083411897
