Node Number,Pressure,Enthalpy,CrossFlow,MassFlow
0,10999969.867767934,969.1452575007753,0.001244017820663835,0.025756266507557198
1,10999969.362394905,969.2905191326071,0.0009956180785450563,0.025755218489461613
2,10999968.863343092,969.435786599568,0.0013274929631294247,0.025753821130349408
3,10999968.355945203,969.5810588606414,0.0010795716512379575,0.02575268474203928
