Node Number,Pressure,Enthalpy,CrossFlow,MassFlow
0,10999973.56252276,969.1256418828458,-0.0006941517088252739,0.051515152
1,10999973.316035459,969.2512837655819,-0.0006961216265801356,0.05151515204598072
2,10999973.069548476,969.3769256481503,-0.0006976101242245779,0.0515151521306498
3,10999972.82306177,969.5025675305124,-0.0006996875353218705,0.05151515224597348
