Node Number,Pressure,Enthalpy,CrossFlow,MassFlow
0,10999973.562508699,969.1256418828602,-0.0026586719794327294,0.05151515199407369
1,10999973.31602135,969.251283766989,-0.0027013571206587665,0.051515151462268864
2,10999973.069530308,969.3769256537124,-0.00274383291771996,0.05151515038849155
3,10999972.823035456,969.5025675443976,-0.002786679224028922,0.05151514875588149
