Node Number,Pressure,Enthalpy,CrossFlow,MassFlow
0,10999980.110258404,969.1256402002049,-0.0006941538272536155,0.051515841918511225
1,10999979.868624408,969.2512787130563,-0.000698655288211553,0.05151653385683394
2,10999979.626998736,969.3769155337569,-0.0007026657349235824,0.051517227842142854
3,10999979.385381564,969.5025506575362,-0.0007073479947632494,0.051517923864107314
