Node Number,Pressure,Enthalpy,CrossFlow,MassFlow
0,10999977.02986619,969.1256369071837,0.001244017820663835,0.05151719218068202
1,10999976.80063112,969.2512703539867,0.0009956171875776618,0.051518976099574045
2,10999976.569009135,969.3768996108125,0.001327491152568033,0.051521114098330364
3,10999976.340617225,969.502525086215,0.0010795688869823716,0.051522996524988145
