Node Number,Pressure,Enthalpy,CrossFlow,MassFlow
0,10999973.562572677,969.1256368226282,-0.0033158281511623208,0.05151722685253863
1,10999973.330757193,969.2512708052828,-0.0033327574358353873,0.05151959019707683
2,10999973.100954702,969.3769022302625,-0.0033484693671863557,0.051521830130971544
3,10999972.870260146,969.5025306096255,-0.0033656628188131555,0.05152435945116831
