Node Number,Pressure,Enthalpy,CrossFlow,MassFlow
0,10999973.56252276,969.1256418828458,0.0013108409501308652,0.051515152
1,10999973.316035451,969.2512837644721,0.0013137781516435413,0.051515152511378594
2,10999973.069551744,969.3769256436605,0.0013167597358109706,0.0515151535337991
3,10999972.823071623,969.5025675191933,0.0013197151084997883,0.05151515506691309
