Node Number,Pressure,Enthalpy,CrossFlow,MassFlow
0,10999973.56252276,969.1256435655226,-0.0,0.05151446208519204
1,10999973.311182166,969.2512888198985,2.3865733080571902e-11,0.05151376958057985
2,10999973.059829107,969.3769357691831,-1.5565138183683057e-09,0.051513074557428706
3,10999972.808464235,969.5025844197969,-4.571923270119325e-09,0.051512376865522375
