Node Number,Pressure,Enthalpy,CrossFlow,MassFlow
0,10999973.56252276,969.1256453476972,0.0006166871228772497,0.051513731395471246
1,10999973.306041671,969.2512941777018,0.000614275262356367,0.05151230352159826
2,10999973.049521487,969.3769465065449,0.0006123390293392635,0.05151086879068832
3,10999972.792965136,969.502602352232,0.0006097525324856246,0.05150942659049679
