Node Number,Pressure,Enthalpy,CrossFlow,MassFlow
0,10999977.02986619,969.1256369071837,0.0012440159826818857,0.05151719218068202
1,10999976.800630981,969.251270355104,0.0009941324148993486,0.05151897562755003
2,10999976.569005413,969.3768996153865,0.0013254181936168533,0.05152111263918443
3,10999976.340606153,969.5025250976906,0.0010759784461088465,0.051522993611004576
