Node Number,Pressure,Enthalpy,CrossFlow,MassFlow
0,10999960.282290751,969.200281121636,-0.002658677751882708,0.02575617669451522
1,10999959.831330307,969.4005691827235,-0.0027081182647879162,0.02575475750775698
2,10999959.3801337,969.6008642876334,-0.002757418457928067,0.025753318574498196
3,10999958.92870347,969.8011665414457,-0.0028072846090436455,0.025751859723541094
