Node Number,Pressure,Enthalpy,CrossFlow,MassFlow
0,10999973.56252276,969.125643664969,-0.0006941538272536155,0.05151442131176079
1,10999973.310895346,969.2512891247868,-0.0006985998856049317,0.051513685312098864
2,10999973.059236953,969.3769363909976,-0.0007026183597472678,0.05151294451020611
3,10999972.807551203,969.5025854768672,-0.0007072365043196732,0.051512198192031004
