Node Number,Pressure,Enthalpy,CrossFlow,MassFlow
0,10999980.110258404,969.1256402002049,-0.0,0.051515841918511225
1,10999979.86862428,969.2512787153759,1.0290371012797507e-06,0.05151653287825414
2,10999979.62699147,969.3769155431434,2.066521002132996e-06,0.05151722486153026
3,10999979.38535984,969.5025506810921,3.111740520737034e-06,0.05151791788740823
