Node Number,Pressure,Enthalpy,CrossFlow,MassFlow
0,10999977.02986619,969.1256369071837,0.0012440159826818857,0.05151719218068202
1,10999976.800630985,969.251270355104,0.0009956166872048906,0.0515189756275522
2,10999976.569005415,969.3768996153874,0.0013274886335863897,0.05152111263880284
3,10999976.340606151,969.5025250976953,0.0010795633938249013,0.05152299360947609
4,10999976.109821806,969.6281463051095,0.0014118558310687067,0.05152522878289453
5,10999975.882267967,969.7537634132754,0.0011644115361555017,0.05152720861894782
6,10999975.652334409,969.8793761567678,0.0014971273915460775,0.0515295433019411
7,10999975.425635561,970.0049844771572,0.0012501710233416227,0.051531623360882454
8,10999975.196562443,970.1305883405495,0.0015833132736760558,0.05153405891686719
9,10999974.970728246,970.2561874543819,0.0013368519027633073,0.051536240572339825
10,10999974.742525307,970.3817820163287,0.0016704235710260946,0.051538778380946414
11,10999974.517565506,970.5073714996356,0.0014244643598757799,0.051541063022932876
12,10999974.290242588,970.6329563335828,0.00175846851793621,0.05154370448021823
13,10999974.06616703,970.7585357571663,0.0015130187243875656,0.05154609351526068
14,10999973.839734059,970.8841104313091,0.0018474584951488943,0.05154884003391973
15,10999973.61655268,971.0096793606998,0.0016025254710599192,0.05155133488532939
16,10999973.391019681,971.1352434379411,0.0019374040292010712,0.05155418789491207
17,10999973.168742508,971.2608014333567,0.0016929952225586077,0.0515567900029826
18,10999972.944119591,971.3863544712653,0.002028315792153296,0.05155975095010542
19,10999972.722756738,971.5119010875685,0.0017844387494995045,0.051562461772334846
